<?xml version="1.0" encoding="UTF-8" standalone="yes"?>
<addon id="plugin.video.yt-vevo"
	name="Vevo Music Videos on YouTube"
	version="1.1.0"
	provider-name="coldkeys">
  <requires>
    <import addon="xbmc.python" version="2.1.0"/>
    <import addon="script.module.addon.common" version="2.0.0"/>
    <import addon="plugin.video.youtube" version="5.0.0"/>
  </requires>
  <extension point="xbmc.python.pluginsource" library="default.py">
    <provides>video</provides>
  </extension>
  <extension point="xbmc.addon.metadata">
    <summary lang="en">Music Videos from Vevo</summary>
    <description lang="en">Vevo YouTube 25 Playlists and 25 Artists Vevo channels, access to 1000's of music videos.</description>
    <platform>all</platform>
    <forum>n/a</forum>
    <website>n/a</website>
  </extension>
</addon>
