<?xml version="1.0" encoding="UTF-8" standalone="yes"?>
<addon id="plugin.video.funnytoo"
	name="Funny Too"
	version="1.0.0"
	provider-name="Coldkeys">
  <requires>
    <import addon="xbmc.python" version="2.1.0"/>
    <import addon="script.module.addon.common" version="2.0.0"/>
    <import addon="plugin.video.youtube" version="5.0.0"/>
  </requires>
  <extension point="xbmc.python.pluginsource" library="default.py">
    <provides>video</provides>
  </extension>
  <extension point="xbmc.addon.metadata">
    <summary lang="en">Comedy Channels from YouTube</summary>
    <description lang="en">A selection of the best comedy channels on YouTube. Includes CollegeHumor, Funny or Die, Cracked and more. Want a YouTube channel added, let me know on twitter @coldkeys</description>
    <platform>all</platform>
  </extension>
</addon>
