<?xml version="1.0" encoding="UTF-8" standalone="yes"?>
<addon id="repository.coldkeys" name="ColdKeys Repo" version="1.0.2" provider-name="Coldkeys">
	<extension point="xbmc.addon.repository" name="ColdKeys Repository">
		<info compressed="false">https://raw.gitusercontent.com/KodiColdkeys/coldkeys-addons/master/repository/addons.xml</info>
		<checksum>https://raw.gitusercontent.com/KodiColdkeys/coldkeys-addons/master/repository/addons.xml.md5</checksum>
		<datadir zip="true">https://raw.gitusercontent.com/KodiColdkeys/coldkeys-addons/master/repository/zips</datadir>
	</extension>
	<extension point="xbmc.addon.metadata">
		<summary>The Coldkeys Repo</summary>
		<description>Download and install addons from the Coldkeys Repository</description>
		<platform>all</platform>
	</extension>
</addon>

