<?xml version="1.0" encoding="UTF-8" standalone="yes"?>
<addon id="plugin.video.nollytube"
	name="NollyTube"
	version="1.0.0"
	provider-name="coldkeys">
  <requires>
    <import addon="xbmc.python" version="2.1.0"/>
    <import addon="script.module.addon.common" version="2.0.0"/>
    <import addon="plugin.video.youtube" version="5.0.0"/>
  </requires>
  <extension point="xbmc.python.pluginsource" library="default.py">
    <provides>video</provides>
  </extension>
  <extension point="xbmc.addon.metadata">
    <summary lang="en">Nollywood Movies on YouTube</summary>
    <description lang="en">60 Channels - Thousands of Nollywood and Ghallywood (Nigeria and Ghana) Movies on YouTube. Mostly ENGLISH spoken, some are subtitled.
	WARNING: Some ADULT content included (You will need to be signed in to YouTube to view.</description>
    <platform>all</platform>
    <forum>n/a</forum>
    <website>n/a</website>
  </extension>
</addon>
