<?xml version="1.0" encoding="UTF-8" standalone="yes"?>
<addon id="repository.coldkeys" name="ColdKeys Repo" version="1.0.0" provider-name="coldkeys">
	<extension point="xbmc.addon.repository" name="ColdKeys Repository">
		<info compressed="false">https://raw.githubusercontent.com/KodiColdkeys/coldkeys-addons/master/repository/addons.xml</info>
		<checksum>https://raw.githubusercontent.com/KodiColdkeys/coldkeys-addons/master/repository/addons.xml.md5</checksum>
		<datadir zip="true">https://github.com/KodiColdkeys/coldkeys-addons/tree/master/zips</datadir>
	</extension>
	<extension point="xbmc.addon.metadata">
		<summary>Coldkeys Repo</summary>
		<description>Download and install addons from Coldkeys repo</description>
		<platform>all</platform>
	</extension>
</addon>

